price,area,bedrooms,bathrooms,stories,mainroad,guestroom,basement,hotwaterheating,airconditioning,parking,prefarea,furnishingstatus_semi-furnished,furnishingstatus_unfurnished,log_price,price_per_sqft,total_rooms,bath_bed_ratio,has_parking
13300000,7420,4,2,3,1,0,0,0,1,2,1,0,0,16.40327459319198,1792.4528301886792,6,0.5,1
12250000,8960,4,4,4,1,0,0,0,1,3,0,0,0,16.32103649495501,1367.1875,8,1.0,1
12250000,9960,3,2,2,1,0,1,0,0,2,1,1,0,16.32103649495501,1229.9196787148594,5,0.6666666666666666,1
12215000,7500,4,2,2,1,0,1,0,1,3,1,0,0,16.31817526267398,1628.6666666666667,6,0.5,1
11410000,7420,4,1,2,1,1,1,0,1,2,0,0,0,16.25000072183826,1537.7358490566037,5,0.25,1
10850000,7500,3,3,1,1,0,1,0,1,2,1,1,0,16.199675637950744,1446.6666666666667,6,1.0,1
10150000,8580,4,3,4,1,0,0,0,1,2,1,1,0,16.13298426345207,1182.983682983683,7,0.75,1
10150000,16200,5,3,2,1,0,0,0,0,0,0,0,1,16.13298426345207,626.5432098765432,8,0.6,0
9870000,8100,4,1,2,1,1,1,0,1,2,1,0,0,16.105010411409665,1218.5185185185185,5,0.25,1
9800000,5750,3,2,4,1,1,0,0,1,1,1,0,1,16.0978929436408,1704.3478260869565,5,0.6666666666666666,1
9800000,13200,3,1,2,1,0,1,0,1,2,1,0,0,16.0978929436408,742.4242424242424,4,0.3333333333333333,1
9681000,6000,4,3,2,1,1,1,1,0,2,0,1,0,16.08567575970221,1613.5,7,0.75,1
9310000,6550,4,2,2,1,0,0,0,1,1,1,1,0,16.04659964925325,1421.3740458015268,6,0.5,1
9240000,3500,4,2,2,1,0,0,1,0,2,0,0,0,16.039052443617866,2640.0,6,0.5,1
9240000,7800,3,2,2,1,0,0,0,0,0,1,1,0,16.039052443617866,1184.6153846153845,5,0.6666666666666666,0
9100000,6000,4,1,2,1,0,1,0,0,2,0,1,0,16.02378497148708,1516.6666666666667,5,0.25,1
9100000,6600,4,2,2,1,1,1,0,1,1,1,0,1,16.02378497148708,1378.7878787878788,6,0.5,1
8960000,8500,3,2,4,1,0,0,0,1,2,0,0,0,16.008280784951115,1054.1176470588234,5,0.6666666666666666,1
8890000,4600,3,2,2,1,1,0,0,1,2,0,0,0,16.00043760749009,1932.608695652174,5,0.6666666666666666,1
8855000,6420,3,2,2,1,0,0,0,1,1,1,1,0,15.99649282919907,1379.2834890965732,5,0.6666666666666666,1
8750000,4320,3,1,2,1,0,1,1,0,2,0,1,0,15.984564258333798,2025.462962962963,4,0.3333333333333333,1
8680000,7155,3,2,1,1,1,1,0,1,2,0,0,1,15.976532086636533,1213.1376659678547,5,0.6666666666666666,1
8645000,8050,3,1,1,1,1,1,0,1,1,0,0,0,15.972491677099528,1073.9130434782608,4,0.3333333333333333,1
8645000,4560,3,2,2,1,1,1,0,1,1,0,0,0,15.972491677099528,1895.8333333333333,5,0.6666666666666666,1
8575000,8800,3,2,2,1,0,0,0,1,2,0,0,0,15.964361551016278,974.4318181818181,5,0.6666666666666666,1
8540000,6540,4,2,2,1,1,1,0,1,2,1,0,0,15.960271565764753,1305.8103975535169,6,0.5,1
8463000,6000,3,2,4,1,1,1,0,1,0,1,1,0,15.951214278652243,1410.5,5,0.6666666666666666,0
8400000,8875,3,1,1,1,0,0,0,0,1,0,1,0,15.943742263813542,946.4788732394367,4,0.3333333333333333,1
8400000,7950,5,2,2,1,0,1,1,0,2,0,0,1,15.943742263813542,1056.6037735849056,7,0.4,1
8400000,5500,4,2,2,1,0,1,0,1,1,1,1,0,15.943742263813542,1527.2727272727273,6,0.5,1
8400000,7475,3,2,4,1,0,0,0,1,2,0,0,1,15.943742263813542,1123.7458193979933,5,0.6666666666666666,1
8400000,7000,3,1,4,1,0,0,0,1,2,0,1,0,15.943742263813542,1200.0,4,0.3333333333333333,1
8295000,4880,4,2,2,1,0,0,0,1,1,1,0,0,15.931163481606681,1699.795081967213,6,0.5,1
8190000,5960,3,3,2,1,1,1,0,0,1,0,0,1,15.918424455829252,1374.1610738255033,6,1.0,1
8120000,6840,5,1,2,1,1,1,0,1,1,0,0,0,15.90984071213786,1187.1345029239767,6,0.2,1
8080940,7000,3,2,4,1,0,0,0,1,2,0,0,0,15.90501876036436,1154.42,5,0.6666666666666666,1
8043000,7482,3,2,3,1,0,0,1,0,1,1,0,0,15.900312705886206,1074.979951884523,5,0.6666666666666666,1
7980000,9000,4,2,4,1,0,0,0,1,2,0,0,0,15.892448969425992,886.6666666666666,6,0.5,1
7962500,6000,3,1,4,1,1,0,0,1,2,0,0,1,15.890253578862556,1327.0833333333333,4,0.3333333333333333,1
7910000,6000,4,2,4,1,0,0,0,1,1,0,1,0,15.883638339743836,1318.3333333333333,6,0.5,1
7875000,6550,3,1,2,1,0,1,0,1,0,1,0,0,15.879203742675971,1202.2900763358778,4,0.3333333333333333,0
7840000,6360,3,2,4,1,0,0,0,1,0,1,0,0,15.87474939232659,1232.7044025157234,5,0.6666666666666666,0
7700000,6480,3,2,4,1,0,0,0,1,2,0,0,1,15.856730886823913,1188.2716049382716,5,0.6666666666666666,1
7700000,6000,4,2,4,1,0,0,0,0,2,0,1,0,15.856730886823913,1283.3333333333333,6,0.5,1
7560000,6000,4,2,4,1,0,0,0,1,1,0,0,0,15.838381748155715,1260.0,6,0.5,1
7560000,6000,3,2,3,1,0,0,0,1,0,0,1,0,15.838381748155715,1260.0,5,0.6666666666666666,0
7525000,6000,3,2,4,1,0,0,0,1,1,0,0,0,15.833741368599213,1254.1666666666667,5,0.6666666666666666,1
7490000,6600,3,1,4,1,0,0,0,1,3,1,0,0,15.829079355493402,1134.8484848484848,4,0.3333333333333333,1
7455000,4300,3,2,2,1,0,1,0,0,1,0,0,1,15.824395506180975,1733.7209302325582,5,0.6666666666666666,1
7420000,7440,3,2,1,1,1,1,0,1,0,1,1,0,15.819689615143563,997.3118279569892,5,0.6666666666666666,0
7420000,7440,3,2,4,1,0,0,0,0,1,1,0,1,15.819689615143563,997.3118279569892,5,0.6666666666666666,1
7420000,6325,3,1,4,1,0,0,0,1,1,0,0,1,15.819689615143563,1173.1225296442688,4,0.3333333333333333,1
7350000,6000,4,2,4,1,1,0,0,1,1,0,0,0,15.81021087118902,1225.0,6,0.5,1
7350000,5150,3,2,4,1,0,0,0,1,2,0,1,0,15.81021087118902,1427.1844660194174,5,0.6666666666666666,1
7350000,6000,3,2,2,1,1,0,0,1,1,0,1,0,15.81021087118902,1225.0,5,0.6666666666666666,1
7350000,6000,3,1,2,1,0,0,0,1,1,0,0,1,15.81021087118902,1225.0,4,0.3333333333333333,1
7343000,11440,4,1,2,1,0,1,0,0,1,1,1,0,15.809258036433748,641.8706293706293,5,0.25,1
7245000,9000,4,2,4,1,1,0,0,1,1,1,0,0,15.79582213373692,805.0,6,0.5,1
7210000,7680,4,2,4,1,1,0,0,1,1,0,1,0,15.790979509261131,938.8020833333334,6,0.5,1
7210000,6000,3,2,4,1,1,0,0,1,1,0,0,0,15.790979509261131,1201.6666666666667,5,0.6666666666666666,1
7140000,6000,3,2,2,1,1,0,0,0,1,0,1,0,15.781223334315767,1190.0,5,0.6666666666666666,1
7070000,8880,2,1,1,1,0,0,0,1,1,0,1,0,15.771371037872756,796.1711711711712,3,0.5,1
7070000,6240,4,2,2,1,0,0,0,1,1,0,0,0,15.771371037872756,1133.0128205128206,6,0.5,1
7035000,6360,4,2,3,1,0,0,0,1,2,1,0,0,15.766408248530626,1106.132075471698,6,0.5,1
7000000,11175,3,1,1,1,0,1,0,1,1,1,0,0,15.761420707019587,626.3982102908277,4,0.3333333333333333,1
6930000,8880,3,2,2,1,0,1,0,1,1,0,0,0,15.751370371166086,780.4054054054054,5,0.6666666666666666,1
6930000,13200,2,1,1,1,0,1,1,0,1,0,0,0,15.751370371166086,525.0,3,0.5,1
6895000,7700,3,2,1,1,0,0,0,0,2,0,0,1,15.74630706920954,895.4545454545455,5,0.6666666666666666,1
6860000,6000,3,1,1,1,0,0,0,1,1,0,0,0,15.741217999702068,1143.3333333333333,4,0.3333333333333333,1
6790000,12090,4,2,2,1,0,0,0,0,2,1,0,0,15.730961499534878,561.6211745244003,6,0.5,1
6790000,4000,3,2,2,1,0,1,0,1,0,1,1,0,15.730961499534878,1697.5,5,0.6666666666666666,0
6755000,6000,4,2,4,1,0,0,0,1,0,0,0,1,15.725793529376435,1125.8333333333333,6,0.5,0
6720000,5020,3,1,4,1,0,0,0,1,0,1,0,1,15.720598712499333,1338.6454183266933,4,0.3333333333333333,0
6685000,6600,2,2,4,1,0,1,0,0,0,1,0,0,15.71537676851818,1012.8787878787879,4,1.0,0
6650000,4040,3,1,2,1,0,1,1,0,1,0,0,0,15.710127412632037,1646.039603960396,4,0.3333333333333333,1
6650000,4260,4,2,2,1,0,0,1,0,0,0,1,0,15.710127412632037,1561.0328638497654,6,0.5,0
6650000,6420,3,2,3,1,0,0,0,1,0,1,0,0,15.710127412632037,1035.8255451713396,5,0.6666666666666666,0
6650000,6500,3,2,3,1,0,0,0,1,0,1,0,0,15.710127412632037,1023.0769230769231,5,0.6666666666666666,0
6650000,5700,3,1,1,1,1,1,0,1,2,1,0,0,15.710127412632037,1166.6666666666667,4,0.3333333333333333,1
6650000,6000,3,2,3,1,1,0,0,1,0,0,0,0,15.710127412632037,1108.3333333333333,5,0.6666666666666666,0
6629000,6000,3,1,2,1,0,0,1,0,1,1,1,0,15.70696452122353,1104.8333333333333,4,0.3333333333333333,1
6615000,4000,3,2,2,1,0,1,0,1,1,0,1,0,15.704850355531192,1653.75,5,0.6666666666666666,1
6615000,10500,3,2,1,1,0,1,0,1,1,1,0,0,15.704850355531192,630.0,5,0.6666666666666666,1
6580000,6000,3,2,4,1,0,0,0,1,0,0,1,0,15.6995453033015,1096.6666666666667,5,0.6666666666666666,0
6510000,3760,3,1,2,1,0,0,1,0,2,0,1,0,15.688850014184752,1731.3829787234042,4,0.3333333333333333,1
6510000,8250,3,2,3,1,0,0,0,1,0,0,0,0,15.688850014184752,789.0909090909091,5,0.6666666666666666,0
6510000,6670,3,1,3,1,0,1,0,0,0,1,0,1,15.688850014184752,976.0119940029984,4,0.3333333333333333,0
6475000,3960,3,1,1,1,0,1,0,0,2,0,1,0,15.683459165549875,1635.1010101010102,4,0.3333333333333333,1
6475000,7410,3,1,1,1,1,1,0,1,2,1,0,1,15.683459165549875,873.8191632928475,4,0.3333333333333333,1
6440000,8580,5,3,2,1,0,0,0,0,2,0,0,0,15.678039098080536,750.5827505827506,8,0.6,1
6440000,5000,3,1,2,1,0,0,0,1,0,0,1,0,15.678039098080536,1288.0,4,0.3333333333333333,0
6419000,6750,2,1,1,1,1,1,0,0,2,1,0,0,15.674772900293915,950.9629629629629,3,0.5,1
6405000,4800,3,2,4,1,1,0,0,1,0,0,0,0,15.672589493312971,1334.375,5,0.6666666666666666,0
6300000,7200,3,2,1,1,0,1,0,1,3,0,1,0,15.65606019136176,875.0,5,0.6666666666666666,1
6300000,6000,4,2,4,1,0,0,0,0,1,0,1,0,15.65606019136176,1050.0,6,0.5,1
6300000,4100,3,2,3,1,0,0,0,1,2,0,1,0,15.65606019136176,1536.5853658536585,5,0.6666666666666666,1
6300000,9000,3,1,1,1,0,1,0,0,1,1,0,0,15.65606019136176,700.0,4,0.3333333333333333,1
6300000,6400,3,1,1,1,1,1,0,1,1,1,1,0,15.65606019136176,984.375,4,0.3333333333333333,1
6293000,6600,3,2,3,1,0,0,0,1,0,1,0,1,15.65494846250907,953.4848484848485,5,0.6666666666666666,0
6265000,6000,4,1,3,1,1,1,0,0,0,1,0,1,15.650489146312307,1044.1666666666667,5,0.25,0
6230000,6600,3,2,1,1,0,1,0,1,0,1,0,1,15.644886890763637,943.939393939394,5,0.6666666666666666,0
6230000,5500,3,1,3,1,0,0,0,0,1,1,0,1,15.644886890763637,1132.7272727272727,4,0.3333333333333333,1
6195000,5500,3,2,4,1,1,0,0,1,1,0,1,0,15.63925307304538,1126.3636363636363,5,0.6666666666666666,1
6195000,6350,3,2,3,1,1,0,0,1,0,0,0,0,15.63925307304538,975.5905511811023,5,0.6666666666666666,0
6195000,5500,3,2,1,1,1,1,0,0,2,1,0,0,15.63925307304538,1126.3636363636363,5,0.6666666666666666,1
6160000,4500,3,1,4,1,0,0,0,1,0,0,0,1,15.633587335509702,1368.888888888889,4,0.3333333333333333,0
6160000,5450,4,2,1,1,0,1,0,1,0,1,1,0,15.633587335509702,1130.2752293577983,6,0.5,0
6125000,6420,3,1,3,1,0,1,0,0,0,1,0,1,15.627889314395064,954.0498442367601,4,0.3333333333333333,0
6107500,3240,4,1,3,1,0,0,0,0,1,0,1,0,15.625028082114033,1885.030864197531,5,0.25,1
6090000,6615,4,2,2,1,1,0,1,0,1,0,1,0,15.622158639686079,920.6349206349206,6,0.5,1
6090000,6600,3,1,1,1,1,1,0,0,2,1,1,0,15.622158639686079,922.7272727272727,4,0.3333333333333333,1
6090000,8372,3,1,3,1,0,0,0,1,2,0,0,1,15.622158639686079,727.4247491638796,4,0.3333333333333333,1
6083000,4300,6,2,2,1,0,0,0,0,0,0,0,0,15.621008553302842,1414.6511627906978,8,0.3333333333333333,0
6083000,9620,3,1,1,1,0,1,0,0,2,1,0,0,15.621008553302842,632.3284823284823,4,0.3333333333333333,1
6020000,6800,2,1,1,1,1,1,0,0,2,0,0,0,15.610597817285004,885.2941176470588,3,0.5,1
6020000,8000,3,1,1,1,1,1,0,1,2,1,1,0,15.610597817285004,752.5,4,0.3333333333333333,1
6020000,6900,3,2,1,1,1,1,0,0,0,1,0,1,15.610597817285004,872.463768115942,5,0.6666666666666666,0
5950000,3700,4,1,2,1,1,0,0,1,0,0,0,0,15.598901777521812,1608.1081081081081,5,0.25,0
5950000,6420,3,1,1,1,0,1,0,1,0,1,0,0,15.598901777521812,926.791277258567,4,0.3333333333333333,0
5950000,7020,3,1,1,1,0,1,0,1,2,1,1,0,15.598901777521812,847.5783475783476,4,0.3333333333333333,1
5950000,6540,3,1,1,1,1,1,0,0,2,1,0,0,15.598901777521812,909.7859327217126,4,0.3333333333333333,1
5950000,7231,3,1,2,1,1,1,0,1,0,1,1,0,15.598901777521812,822.8460793804453,4,0.3333333333333333,0
5950000,6254,4,2,1,1,0,1,0,0,1,1,1,0,15.598901777521812,951.3911096897986,6,0.5,1
5950000,7320,4,2,2,1,0,0,0,0,0,0,0,0,15.598901777521812,812.8415300546449,6,0.5,0
5950000,6525,3,2,4,1,0,0,0,0,1,0,0,0,15.598901777521812,911.8773946360153,5,0.6666666666666666,1
5943000,15600,3,1,1,1,0,0,0,1,2,0,1,0,15.597724614348797,380.96153846153845,4,0.3333333333333333,1
5880000,7160,3,1,1,1,0,1,0,0,2,1,0,1,15.58706731987481,821.2290502793296,4,0.3333333333333333,1
5880000,6500,3,2,3,1,0,0,0,1,0,0,0,1,15.58706731987481,904.6153846153846,5,0.6666666666666666,0
5873000,5500,3,1,3,1,1,0,0,1,1,0,0,0,15.585876134504657,1067.8181818181818,4,0.3333333333333333,1
5873000,11460,3,1,3,1,0,0,0,0,2,1,1,0,15.585876134504657,512.478184991274,4,0.3333333333333333,1
5866000,4800,3,1,1,1,1,1,0,0,0,0,0,1,15.584683528519534,1222.0833333333333,4,0.3333333333333333,0
5810000,5828,4,1,4,1,1,0,0,0,0,0,1,0,15.575091128828094,996.9114619080302,5,0.25,0
5810000,5200,3,1,3,1,0,0,0,1,0,0,1,0,15.575091128828094,1117.3076923076924,4,0.3333333333333333,0
5810000,4800,3,1,3,1,0,0,0,1,0,0,0,1,15.575091128828094,1210.4166666666667,4,0.3333333333333333,0
5803000,7000,3,1,1,1,0,1,0,0,2,1,1,0,15.573885583172745,829.0,4,0.3333333333333333,1
5775000,6000,3,2,4,1,0,0,0,1,0,0,0,1,15.569048814372131,962.5,5,0.6666666666666666,0
5740000,5400,4,2,2,1,0,0,0,1,2,0,0,1,15.56296976829575,1062.962962962963,6,0.5,1
5740000,4640,4,1,2,1,0,0,0,0,1,0,1,0,15.56296976829575,1237.0689655172414,5,0.25,1
5740000,5000,3,1,3,1,0,0,0,1,0,0,1,0,15.56296976829575,1148.0,4,0.3333333333333333,0
5740000,6360,3,1,1,1,1,1,0,1,2,1,0,0,15.56296976829575,902.5157232704403,4,0.3333333333333333,1
5740000,5800,3,2,4,1,0,0,0,1,0,0,0,1,15.56296976829575,989.6551724137931,5,0.6666666666666666,0
5652500,6660,4,2,2,1,1,1,0,0,1,1,1,0,15.547608483134262,848.7237237237238,6,0.5,1
5600000,10500,4,2,2,1,0,0,0,0,1,0,1,0,15.538277155705378,533.3333333333334,6,0.5,1
5600000,4800,5,2,3,0,0,1,1,0,0,0,0,1,15.538277155705378,1166.6666666666667,7,0.4,0
5600000,4700,4,1,2,1,1,1,0,1,1,0,0,0,15.538277155705378,1191.4893617021276,5,0.25,1
5600000,5000,3,1,4,1,0,0,0,0,0,0,0,0,15.538277155705378,1120.0,4,0.3333333333333333,0
5600000,10500,2,1,1,1,0,0,0,0,1,0,1,0,15.538277155705378,533.3333333333334,3,0.5,1
5600000,5500,3,2,2,1,0,0,0,0,1,0,1,0,15.538277155705378,1018.1818181818181,5,0.6666666666666666,1
5600000,6360,3,1,3,1,0,0,0,0,0,1,1,0,15.538277155705378,880.503144654088,4,0.3333333333333333,0
5600000,6600,4,2,1,1,0,1,0,0,0,1,1,0,15.538277155705378,848.4848484848485,6,0.5,0
5600000,5136,3,1,2,1,1,1,0,1,0,1,0,1,15.538277155705378,1090.342679127726,4,0.3333333333333333,0
5565000,4400,4,1,2,1,0,0,0,1,2,1,1,0,15.532007542691781,1264.7727272727273,5,0.25,1
5565000,5400,5,1,2,1,1,1,0,1,0,1,0,0,15.532007542691781,1030.5555555555557,6,0.2,0
5530000,3300,3,3,2,1,0,1,0,0,0,0,1,0,15.525698373498518,1675.7575757575758,6,1.0,0
5530000,3650,3,2,2,1,0,0,0,0,2,0,1,0,15.525698373498518,1515.0684931506848,5,0.6666666666666666,1
5530000,6100,3,2,1,1,0,1,0,0,2,1,0,0,15.525698373498518,906.5573770491803,5,0.6666666666666666,1
5523000,6900,3,1,1,1,1,1,0,0,0,1,1,0,15.524431748883325,800.4347826086956,4,0.3333333333333333,0
5495000,2817,4,2,2,0,1,1,0,0,1,0,0,0,15.51934914581986,1950.6567270145545,6,0.5,1
5495000,7980,3,1,1,1,0,0,0,0,2,0,1,0,15.51934914581986,688.5964912280701,4,0.3333333333333333,1
5460000,3150,3,2,1,1,1,1,0,1,0,0,0,0,15.512959347721088,1733.3333333333333,5,0.6666666666666666,0
5460000,6210,4,1,4,1,1,0,0,1,0,0,0,0,15.512959347721088,879.2270531400966,5,0.25,0
5460000,6100,3,1,3,1,1,0,0,1,0,1,1,0,15.512959347721088,895.0819672131148,4,0.3333333333333333,0
5460000,6600,4,2,2,1,1,1,0,0,0,1,1,0,15.512959347721088,827.2727272727273,6,0.5,0
5425000,6825,3,1,1,1,1,1,0,1,0,1,1,0,15.506528457390797,794.8717948717949,4,0.3333333333333333,0
5390000,6710,3,2,2,1,1,1,0,0,1,1,0,0,15.50005594288518,803.2786885245902,5,0.6666666666666666,1
5383000,6450,3,2,1,1,1,1,1,0,0,0,0,1,15.498756397543094,834.5736434108527,5,0.6666666666666666,0
5320000,7800,3,1,1,1,0,1,0,1,2,1,0,1,15.486983861317826,682.0512820512821,4,0.3333333333333333,1
5285000,4600,2,2,1,1,0,0,0,1,2,0,1,0,15.480383177286475,1148.9130434782608,4,1.0,1
5250000,4260,4,1,2,1,0,1,0,1,0,0,0,0,15.473738634567807,1232.394366197183,5,0.25,0
5250000,6540,4,2,2,0,0,0,0,1,0,0,1,0,15.473738634567807,802.7522935779816,6,0.5,0
5250000,5500,3,2,1,1,0,1,0,0,0,0,1,0,15.473738634567807,954.5454545454545,5,0.6666666666666666,0
5250000,10269,3,1,1,1,0,0,0,0,1,1,1,0,15.473738634567807,511.2474437627812,4,0.3333333333333333,1
5250000,8400,3,1,2,1,1,1,0,1,2,1,0,1,15.473738634567807,625.0,4,0.3333333333333333,1
5250000,5300,4,2,1,1,0,0,0,1,0,1,0,1,15.473738634567807,990.566037735849,6,0.5,0
5250000,3800,3,1,2,1,1,1,0,0,1,1,0,1,15.473738634567807,1381.578947368421,4,0.3333333333333333,1
5250000,9800,4,2,2,1,1,0,0,0,2,0,1,0,15.473738634567807,535.7142857142857,6,0.5,1
5250000,8520,3,1,1,1,0,0,0,1,2,0,0,0,15.473738634567807,616.1971830985915,4,0.3333333333333333,1
5243000,6050,3,1,1,1,0,1,0,0,0,1,1,0,15.47240441155467,866.6115702479339,4,0.3333333333333333,0
5229000,7085,3,1,1,1,1,1,0,0,2,1,1,0,15.469730613170269,738.0381086803105,4,0.3333333333333333,1
5215000,3180,3,2,2,1,0,0,0,0,2,0,1,0,15.46704964641701,1639.937106918239,5,0.6666666666666666,1
5215000,4500,4,2,1,0,0,1,0,1,2,0,1,0,15.46704964641701,1158.888888888889,6,0.5,1
5215000,7200,3,1,2,1,1,1,0,0,1,1,0,0,15.46704964641701,724.3055555555555,4,0.3333333333333333,1
5145000,3410,3,1,2,0,0,0,0,1,0,0,1,0,15.453535927250288,1508.7976539589442,4,0.3333333333333333,0
5145000,7980,3,1,1,1,0,0,0,0,1,1,1,0,15.453535927250288,644.7368421052631,4,0.3333333333333333,1
5110000,3000,3,2,2,1,1,1,0,0,0,0,0,0,15.446709962179888,1703.3333333333333,5,0.6666666666666666,0
5110000,3000,3,1,2,1,0,1,0,0,0,0,0,1,15.446709962179888,1703.3333333333333,4,0.3333333333333333,0
5110000,11410,2,1,2,1,0,0,0,0,0,1,0,0,15.446709962179888,447.85276073619633,3,0.5,0
5110000,6100,3,1,1,1,0,1,0,1,0,1,1,0,15.446709962179888,837.7049180327868,4,0.3333333333333333,0
5075000,5720,2,1,2,1,0,0,0,1,0,1,0,1,15.439837082892126,887.2377622377622,3,0.5,0
5040000,3540,2,1,1,0,1,1,0,0,0,0,1,0,15.432916640047551,1423.7288135593221,3,0.5,0
5040000,7600,4,1,2,1,0,0,0,1,2,0,0,0,15.432916640047551,663.1578947368421,5,0.25,1
5040000,10700,3,1,2,1,1,1,0,0,0,0,1,0,15.432916640047551,471.02803738317755,4,0.3333333333333333,0
5040000,6600,3,1,1,1,1,1,0,0,0,1,0,0,15.432916640047551,763.6363636363636,4,0.3333333333333333,0
5033000,4800,2,1,1,1,1,1,0,0,0,0,1,0,15.431526785758496,1048.5416666666667,3,0.5,0
5005000,8150,3,2,1,1,1,1,0,0,0,0,1,0,15.425947970731459,614.1104294478528,5,0.6666666666666666,0
4970000,4410,4,3,2,1,0,1,0,0,2,0,1,0,15.418930398072812,1126.984126984127,7,0.75,1
4970000,7686,3,1,1,1,1,1,1,0,0,0,1,0,15.418930398072812,646.6302367941712,4,0.3333333333333333,0
4956000,2800,3,2,2,0,0,1,0,1,1,0,1,0,15.41610952173117,1770.0,5,0.6666666666666666,1
4935000,5948,3,1,2,1,0,0,0,1,0,0,1,0,15.411863230849718,829.6906523201076,4,0.3333333333333333,0
4907000,4200,3,1,2,1,0,0,0,0,1,0,0,0,15.40617331507204,1168.3333333333333,4,0.3333333333333333,1
4900000,4520,3,1,2,1,0,1,0,1,0,0,1,0,15.404745763080856,1084.070796460177,4,0.3333333333333333,0
4900000,4095,3,1,2,0,1,1,0,1,0,0,1,0,15.404745763080856,1196.5811965811965,4,0.3333333333333333,0
4900000,4120,2,1,1,1,0,1,0,0,1,0,1,0,15.404745763080856,1189.3203883495146,3,0.5,1
4900000,5400,4,1,2,1,0,0,0,0,0,0,1,0,15.404745763080856,907.4074074074074,5,0.25,0
4900000,4770,3,1,1,1,1,1,0,0,0,0,1,0,15.404745763080856,1027.2536687631027,4,0.3333333333333333,0
4900000,6300,3,1,1,1,0,0,0,1,2,0,1,0,15.404745763080856,777.7777777777778,4,0.3333333333333333,1
4900000,5800,2,1,1,1,1,1,0,1,0,0,1,0,15.404745763080856,844.8275862068965,3,0.5,0
4900000,3000,3,1,2,1,0,1,0,1,0,0,1,0,15.404745763080856,1633.3333333333333,4,0.3333333333333333,0
4900000,2970,3,1,3,1,0,0,0,0,0,0,1,0,15.404745763080856,1649.8316498316499,4,0.3333333333333333,0
4900000,6720,3,1,1,1,0,0,0,0,0,0,0,1,15.404745763080856,729.1666666666666,4,0.3333333333333333,0
4900000,4646,3,1,2,1,1,1,0,0,2,0,1,0,15.404745763080856,1054.6706844597504,4,0.3333333333333333,1
4900000,12900,3,1,1,1,0,0,0,0,2,0,0,0,15.404745763080856,379.84496124031006,4,0.3333333333333333,1
4893000,3420,4,2,2,1,0,1,0,1,2,0,1,0,15.40331617027126,1430.701754385965,6,0.5,1
4893000,4995,4,2,1,1,0,1,0,0,0,0,1,0,15.40331617027126,979.5795795795796,6,0.5,0
4865000,4350,2,1,1,1,0,1,0,0,0,0,0,1,15.397577273602243,1118.3908045977012,3,0.5,0
4830000,4160,3,1,3,1,0,0,0,0,0,0,0,1,15.390357025628756,1161.0576923076924,4,0.3333333333333333,0
4830000,6040,3,1,1,1,0,0,0,0,2,1,1,0,15.390357025628756,799.6688741721854,4,0.3333333333333333,1
4830000,6862,3,1,2,1,0,0,0,1,2,1,0,0,15.390357025628756,703.8764208685515,4,0.3333333333333333,1
4830000,4815,2,1,1,1,0,0,0,1,0,1,1,0,15.390357025628756,1003.1152647975077,3,0.5,0
4795000,7000,3,1,2,1,0,1,0,0,0,0,0,1,15.383084266299676,685.0,4,0.3333333333333333,0
4795000,8100,4,1,4,1,0,1,0,1,2,0,1,0,15.383084266299676,591.9753086419753,5,0.25,1
4767000,3420,4,2,2,1,0,0,0,0,0,0,1,0,15.377227734186963,1393.859649122807,6,0.5,0
4760000,9166,2,1,1,1,0,1,0,1,2,0,1,0,15.375758226207603,519.3104953087498,3,0.5,1
4760000,6321,3,1,2,1,0,1,0,1,1,0,0,0,15.375758226207603,753.0454042081949,4,0.3333333333333333,1
4760000,10240,2,1,1,1,0,0,0,1,2,1,0,1,15.375758226207603,464.84375,3,0.5,1
4753000,6440,2,1,1,1,0,0,0,1,3,0,1,0,15.374286555596147,738.0434782608696,3,0.5,1
4690000,5170,3,1,4,1,0,0,0,1,0,0,1,0,15.360943140422462,907.1566731141199,4,0.3333333333333333,0
4690000,6000,2,1,1,1,0,1,0,1,1,0,0,0,15.360943140422462,781.6666666666666,3,0.5,1
4690000,3630,3,1,2,1,0,0,0,0,2,0,1,0,15.360943140422462,1292.0110192837465,4,0.3333333333333333,1
4690000,9667,4,2,2,1,1,1,0,0,1,0,1,0,15.360943140422462,485.15568428674874,6,0.5,1
4690000,5400,2,1,2,1,0,0,0,0,0,1,1,0,15.360943140422462,868.5185185185185,3,0.5,0
4690000,4320,3,1,1,1,0,0,0,0,0,1,1,0,15.360943140422462,1085.648148148148,4,0.3333333333333333,0
4655000,3745,3,1,2,1,0,1,0,0,0,0,0,0,15.353452468693305,1242.9906542056074,4,0.3333333333333333,0
4620000,4160,3,1,1,1,1,1,0,1,0,0,0,1,15.345905263057922,1110.576923076923,4,0.3333333333333333,0
4620000,3880,3,2,2,1,0,1,0,0,2,0,1,0,15.345905263057922,1190.721649484536,5,0.6666666666666666,1
4620000,5680,3,1,2,1,1,0,0,1,1,0,1,0,15.345905263057922,813.3802816901408,4,0.3333333333333333,1
4620000,2870,2,1,2,1,1,1,0,0,0,1,1,0,15.345905263057922,1609.7560975609756,3,0.5,0
4620000,5010,3,1,2,1,0,1,0,0,0,0,1,0,15.345905263057922,922.1556886227545,4,0.3333333333333333,0
4613000,4510,4,2,2,1,0,1,0,0,0,0,1,0,15.344388962539957,1022.8381374722838,6,0.5,0
4585000,4000,3,1,2,1,0,0,0,0,1,0,0,0,15.338300663672703,1146.25,4,0.3333333333333333,1
4585000,3840,3,1,2,1,0,0,0,0,1,1,1,0,15.338300663672703,1194.0104166666667,4,0.3333333333333333,1
4550000,3760,3,1,1,1,0,0,0,0,2,0,1,0,15.330637790927133,1210.1063829787233,4,0.3333333333333333,1
4550000,3640,3,1,2,1,0,0,0,1,0,0,0,0,15.330637790927133,1250.0,4,0.3333333333333333,0
4550000,2550,3,1,2,1,0,1,0,0,0,0,0,0,15.330637790927133,1784.313725490196,4,0.3333333333333333,0
4550000,5320,3,1,2,1,1,1,0,0,0,1,1,0,15.330637790927133,855.2631578947369,4,0.3333333333333333,0
4550000,5360,3,1,2,1,0,0,0,0,2,1,0,1,15.330637790927133,848.8805970149253,4,0.3333333333333333,1
4550000,3520,3,1,1,1,0,0,0,0,0,1,1,0,15.330637790927133,1292.6136363636363,4,0.3333333333333333,0
4550000,8400,4,1,4,1,0,0,0,0,3,0,0,1,15.330637790927133,541.6666666666666,5,0.25,1
4543000,4100,2,2,1,1,1,1,0,0,0,0,1,0,15.32909814474154,1108.0487804878048,4,1.0,0
4543000,4990,4,2,2,1,1,1,0,0,0,1,0,0,15.32909814474154,910.4208416833667,6,0.5,0
4515000,3510,3,1,3,1,0,0,0,0,0,0,1,0,15.322915744833223,1286.3247863247864,4,0.3333333333333333,0
4515000,3450,3,1,2,1,0,1,0,0,1,0,1,0,15.322915744833223,1308.695652173913,4,0.3333333333333333,1
4515000,9860,3,1,1,1,0,0,0,0,0,0,1,0,15.322915744833223,457.9107505070994,4,0.3333333333333333,0
4515000,3520,2,1,2,1,0,0,0,0,0,1,0,0,15.322915744833223,1282.6704545454545,3,0.5,0
4480000,4510,4,1,2,1,0,0,0,1,2,0,1,0,15.315133604391168,993.3481152993348,5,0.25,1
4480000,5885,2,1,1,1,0,0,0,1,1,0,0,1,15.315133604391168,761.2574341546305,3,0.5,1
4480000,4000,3,1,2,1,0,0,0,0,2,0,0,0,15.315133604391168,1120.0,4,0.3333333333333333,1
4480000,8250,3,1,1,1,0,0,0,0,0,0,0,0,15.315133604391168,543.030303030303,4,0.3333333333333333,0
4480000,4040,3,1,2,1,0,0,0,0,1,0,1,0,15.315133604391168,1108.9108910891089,4,0.3333333333333333,1
4473000,6360,2,1,1,1,0,1,0,1,1,0,0,0,15.313569882414985,703.3018867924528,3,0.5,1
4473000,3162,3,1,2,1,0,0,0,1,1,0,0,0,15.313569882414985,1414.6110056925995,4,0.3333333333333333,1
4473000,3510,3,1,2,1,0,0,0,0,0,0,1,0,15.313569882414985,1274.3589743589744,4,0.3333333333333333,0
4445000,3750,2,1,1,1,1,1,0,0,0,0,1,0,15.307290426930143,1185.3333333333333,3,0.5,0
4410000,3968,3,1,2,0,0,0,0,0,0,0,1,0,15.299385247423029,1111.391129032258,4,0.3333333333333333,0
4410000,4900,2,1,2,1,0,1,0,0,0,0,1,0,15.299385247423029,900.0,3,0.5,0
4403000,2880,3,1,2,1,0,0,0,0,0,1,1,0,15.297796684737891,1528.8194444444443,4,0.3333333333333333,0
4403000,4880,3,1,1,1,0,0,0,0,2,1,0,1,15.297796684737891,902.2540983606557,4,0.3333333333333333,1
4403000,4920,3,1,2,1,0,0,0,0,1,0,1,0,15.297796684737891,894.9186991869918,4,0.3333333333333333,1
4382000,4950,4,1,2,1,0,0,0,1,0,0,1,0,15.29301579913755,885.2525252525253,5,0.25,0
4375000,3900,3,1,2,1,0,0,0,0,0,0,0,1,15.291417077773852,1121.7948717948718,4,0.3333333333333333,0
4340000,4500,3,2,3,1,0,0,1,0,1,0,0,0,15.283384906076588,964.4444444444445,5,0.6666666666666666,1
4340000,1905,5,1,2,0,0,1,0,0,0,0,1,0,15.283384906076588,2278.215223097113,6,0.2,0
4340000,4075,3,1,1,1,1,1,0,0,2,0,1,0,15.283384906076588,1065.0306748466257,4,0.3333333333333333,1
4340000,3500,4,1,2,1,0,0,0,0,2,0,0,0,15.283384906076588,1240.0,5,0.25,1
4340000,6450,4,1,2,1,0,0,0,0,0,0,1,0,15.283384906076588,672.8682170542636,5,0.25,0
4319000,4032,2,1,1,1,0,1,0,0,0,0,0,0,15.278534451942837,1071.1805555555557,3,0.5,0
4305000,4400,2,1,1,1,0,0,0,0,1,0,1,0,15.275287695843968,978.4090909090909,3,0.5,1
4305000,10360,2,1,1,1,0,0,0,0,1,1,1,0,15.275287695843968,415.5405405405405,3,0.5,1
4277000,3400,3,1,2,1,0,1,0,0,2,1,1,0,15.268762387209046,1257.9411764705883,4,0.3333333333333333,1
4270000,6360,2,1,1,1,0,0,0,0,0,0,0,0,15.267124385204808,671.3836477987421,3,0.5,0
4270000,6360,2,1,2,1,0,0,0,0,0,0,0,1,15.267124385204808,671.3836477987421,3,0.5,0
4270000,4500,2,1,1,1,0,0,0,1,2,0,0,0,15.267124385204808,948.8888888888889,3,0.5,1
4270000,2175,3,1,2,0,1,1,0,1,0,0,0,1,15.267124385204808,1963.2183908045977,4,0.3333333333333333,0
4270000,4360,4,1,2,1,0,0,0,0,0,0,0,0,15.267124385204808,979.3577981651376,5,0.25,0
4270000,7770,2,1,1,1,0,0,0,0,1,0,0,0,15.267124385204808,549.5495495495495,3,0.5,1
4235000,6650,3,1,2,1,1,0,0,0,0,0,1,0,15.258893886068291,636.8421052631579,4,0.3333333333333333,0
4235000,2787,3,1,1,1,0,1,0,0,0,1,0,0,15.258893886068291,1519.5550771438823,4,0.3333333333333333,0
4200000,5500,3,1,2,1,0,0,0,1,0,0,0,1,15.250595083253597,763.6363636363636,4,0.3333333333333333,0
4200000,5040,3,1,2,1,0,1,0,1,0,0,0,1,15.250595083253597,833.3333333333334,4,0.3333333333333333,0
4200000,5850,2,1,1,1,1,1,0,0,2,0,1,0,15.250595083253597,717.9487179487179,3,0.5,1
4200000,2610,4,3,2,0,0,0,0,0,0,0,1,0,15.250595083253597,1609.1954022988505,7,0.75,0
4200000,2953,3,1,2,1,0,1,0,1,0,0,0,1,15.250595083253597,1422.2824246528953,4,0.3333333333333333,0
4200000,2747,4,2,2,0,0,0,0,0,0,0,1,0,15.250595083253597,1528.9406625409538,6,0.5,0
4200000,4410,2,1,1,0,0,0,0,0,1,0,0,1,15.250595083253597,952.3809523809524,3,0.5,1
4200000,4000,4,2,2,0,0,0,0,0,0,0,1,0,15.250595083253597,1050.0,6,0.5,0
4200000,2325,3,1,2,0,0,0,0,0,0,0,1,0,15.250595083253597,1806.4516129032259,4,0.3333333333333333,0
4200000,4600,3,2,2,1,0,0,0,1,1,0,1,0,15.250595083253597,913.0434782608696,5,0.6666666666666666,1
4200000,3640,3,2,2,1,0,1,0,0,0,0,0,1,15.250595083253597,1153.8461538461538,5,0.6666666666666666,0
4200000,5800,3,1,1,1,0,0,1,0,2,0,1,0,15.250595083253597,724.1379310344828,4,0.3333333333333333,1
4200000,7000,3,1,1,1,0,0,0,0,3,0,0,0,15.250595083253597,600.0,4,0.3333333333333333,1
4200000,4079,3,1,3,1,0,0,0,0,0,0,1,0,15.250595083253597,1029.6641333660211,4,0.3333333333333333,0
4200000,3520,3,1,2,1,0,0,0,0,0,1,1,0,15.250595083253597,1193.1818181818182,4,0.3333333333333333,0
4200000,2145,3,1,3,1,0,0,0,0,1,1,0,1,15.250595083253597,1958.041958041958,4,0.3333333333333333,1
4200000,4500,3,1,1,1,0,1,0,0,0,0,0,0,15.250595083253597,933.3333333333334,4,0.3333333333333333,0
4193000,8250,3,1,1,1,0,1,0,0,3,0,1,0,15.2489270261529,508.24242424242425,4,0.3333333333333333,1
4193000,3450,3,1,2,1,0,0,0,0,1,0,1,0,15.2489270261529,1215.3623188405797,4,0.3333333333333333,1
4165000,4840,3,1,2,1,0,0,0,0,1,0,1,0,15.24222683358308,860.5371900826447,4,0.3333333333333333,1
4165000,4080,3,1,2,1,0,0,0,0,2,0,1,0,15.24222683358308,1020.8333333333334,4,0.3333333333333333,1
4165000,4046,3,1,2,1,0,1,0,0,1,0,1,0,15.24222683358308,1029.4117647058824,4,0.3333333333333333,1
4130000,4632,4,1,2,1,0,0,0,1,0,0,1,0,15.233787964937216,891.6234887737478,5,0.25,0
4130000,5985,3,1,1,1,0,1,0,0,0,0,1,0,15.233787964937216,690.0584795321637,4,0.3333333333333333,0
4123000,6060,2,1,1,1,0,1,0,0,1,0,1,0,15.232091611689038,680.3630363036303,3,0.5,1
4098500,3600,3,1,1,1,0,1,0,1,0,1,0,0,15.226131611075223,1138.4722222222222,4,0.3333333333333333,0
4095000,3680,3,2,2,1,0,0,0,0,0,0,1,0,15.225277275269306,1112.7717391304348,5,0.6666666666666666,0
4095000,4040,2,1,2,1,0,0,0,0,1,0,1,0,15.225277275269306,1013.6138613861386,3,0.5,1
4095000,5600,2,1,1,1,0,0,0,1,0,0,1,0,15.225277275269306,731.25,3,0.5,0
4060000,5900,4,2,2,0,0,1,0,0,1,0,0,1,15.216693531577915,688.1355932203389,6,0.5,1
4060000,4992,3,2,2,1,0,0,0,0,2,0,0,1,15.216693531577915,813.3012820512821,5,0.6666666666666666,1
4060000,4340,3,1,1,1,0,0,0,0,0,0,1,0,15.216693531577915,935.483870967742,4,0.3333333333333333,0
4060000,3000,4,1,3,1,0,1,0,1,2,0,1,0,15.216693531577915,1353.3333333333333,5,0.25,1
4060000,4320,3,1,2,1,0,0,0,0,2,1,0,0,15.216693531577915,939.8148148148148,4,0.3333333333333333,1
4025000,3630,3,2,2,1,0,0,1,0,2,0,1,0,15.208035468834801,1108.8154269972451,5,0.6666666666666666,1
4025000,3460,3,2,1,1,0,1,0,1,1,0,0,0,15.208035468834801,1163.2947976878613,5,0.6666666666666666,1
4025000,5400,3,1,1,1,0,0,0,0,3,0,1,0,15.208035468834801,745.3703703703703,4,0.3333333333333333,1
4007500,4500,3,1,2,0,0,1,0,1,0,0,1,0,15.203678163465845,890.5555555555555,4,0.3333333333333333,0
4007500,3460,4,1,2,1,0,0,0,1,0,0,1,0,15.203678163465845,1158.236994219653,5,0.25,0
3990000,4100,4,1,1,0,0,1,0,0,0,0,0,1,15.199301788866046,973.170731707317,5,0.25,0
3990000,6480,3,1,2,0,0,0,0,1,1,0,1,0,15.199301788866046,615.7407407407408,4,0.3333333333333333,1
3990000,4500,3,2,2,0,0,1,0,1,0,0,1,0,15.199301788866046,886.6666666666666,5,0.6666666666666666,0
3990000,3960,3,1,2,1,0,0,0,0,0,0,0,0,15.199301788866046,1007.5757575757576,4,0.3333333333333333,0
3990000,4050,2,1,2,1,1,1,0,0,0,1,0,1,15.199301788866046,985.1851851851852,3,0.5,0
3920000,7260,3,2,1,1,1,1,0,0,3,0,0,0,15.181602211766645,539.9449035812672,5,0.6666666666666666,1
3920000,5500,4,1,2,1,1,1,0,0,0,0,1,0,15.181602211766645,712.7272727272727,5,0.25,0
3920000,3000,3,1,2,1,0,0,0,0,0,0,1,0,15.181602211766645,1306.6666666666667,4,0.3333333333333333,0
3920000,3290,2,1,1,1,0,0,1,0,1,0,0,0,15.181602211766645,1191.4893617021276,3,0.5,1
3920000,3816,2,1,1,1,0,1,0,1,2,0,0,0,15.181602211766645,1027.2536687631027,3,0.5,1
3920000,8080,3,1,1,1,0,0,0,1,2,0,1,0,15.181602211766645,485.1485148514852,4,0.3333333333333333,1
3920000,2145,4,2,1,1,0,1,0,0,0,1,0,1,15.181602211766645,1827.5058275058275,6,0.5,0
3885000,3780,2,1,2,1,1,1,0,0,0,0,1,0,15.172633541783885,1027.7777777777778,3,0.5,0
3885000,3180,4,2,2,1,0,0,0,0,0,0,0,0,15.172633541783885,1221.698113207547,6,0.5,0
3850000,5300,5,2,2,1,0,0,0,0,0,0,1,0,15.163583706263967,726.4150943396227,7,0.4,0
3850000,3180,2,2,1,1,0,1,0,0,2,0,1,0,15.163583706263967,1210.691823899371,4,1.0,1
3850000,7152,3,1,2,1,0,0,0,1,0,0,0,0,15.163583706263967,538.3109619686801,4,0.3333333333333333,0
3850000,4080,2,1,1,1,0,0,0,0,0,0,1,0,15.163583706263967,943.6274509803922,3,0.5,0
3850000,3850,2,1,1,1,0,0,0,0,0,0,1,0,15.163583706263967,1000.0,3,0.5,0
3850000,2015,3,1,2,1,0,1,0,0,0,1,1,0,15.163583706263967,1910.6699751861042,4,0.3333333333333333,0
3850000,2176,2,1,2,1,1,0,0,0,0,1,1,0,15.163583706263967,1769.3014705882354,3,0.5,0
3836000,3350,3,1,2,1,0,0,0,0,0,0,0,1,15.159940714985465,1145.0746268656717,4,0.3333333333333333,0
3815000,3150,2,2,1,0,0,1,0,0,0,0,1,0,15.154451222700695,1211.111111111111,4,1.0,0
3780000,4820,3,1,2,1,0,0,0,0,0,0,1,0,15.14523456759577,784.2323651452282,4,0.3333333333333333,0
3780000,3420,2,1,2,1,0,0,1,0,1,0,1,0,15.14523456759577,1105.2631578947369,3,0.5,1
3780000,3600,2,1,1,1,0,0,0,0,0,0,1,0,15.14523456759577,1050.0,3,0.5,0
3780000,5830,2,1,1,1,0,0,0,0,2,0,0,1,15.14523456759577,648.3704974271012,3,0.5,1
3780000,2856,3,1,3,1,0,0,0,0,0,1,0,0,15.14523456759577,1323.5294117647059,4,0.3333333333333333,0
3780000,8400,2,1,1,1,0,0,0,0,1,0,0,0,15.14523456759577,450.0,3,0.5,1
3773000,8250,3,1,1,1,0,0,0,0,2,0,0,0,15.143380998946448,457.3333333333333,4,0.3333333333333333,1
3773000,2520,5,2,1,0,0,1,0,1,1,0,0,0,15.143380998946448,1497.2222222222222,7,0.4,1
3773000,6930,4,1,2,0,0,0,0,0,1,0,0,0,15.143380998946448,544.4444444444445,5,0.25,1
3745000,3480,2,1,1,1,0,0,0,0,0,1,1,0,15.135932174933457,1076.1494252873563,3,0.5,0
3710000,3600,3,1,1,1,0,0,0,0,1,0,0,1,15.126542434583618,1030.5555555555557,4,0.3333333333333333,1
3710000,4040,2,1,1,1,0,0,0,0,0,0,1,0,15.126542434583618,918.3168316831683,3,0.5,0
3710000,6020,3,1,1,1,0,0,0,0,0,0,1,0,15.126542434583618,616.2790697674419,4,0.3333333333333333,0
3710000,4050,2,1,1,1,0,0,0,0,0,0,0,0,15.126542434583618,916.0493827160494,3,0.5,0
3710000,3584,2,1,1,1,0,0,1,0,0,0,1,0,15.126542434583618,1035.15625,3,0.5,0
3703000,3120,3,1,2,0,0,1,1,0,0,0,1,0,15.12465385989575,1186.8589743589744,4,0.3333333333333333,0
3703000,5450,2,1,1,1,0,0,0,0,0,0,0,0,15.12465385989575,679.4495412844037,3,0.5,0
3675000,3630,2,1,1,1,0,1,0,0,0,0,0,0,15.117063690629074,1012.396694214876,3,0.5,0
3675000,3630,2,1,1,1,0,0,0,1,0,0,0,1,15.117063690629074,1012.396694214876,3,0.5,0
3675000,5640,2,1,1,0,0,0,0,0,0,0,1,0,15.117063690629074,651.5957446808511,3,0.5,0
3675000,3600,2,1,1,1,0,0,0,0,0,0,0,0,15.117063690629074,1020.8333333333334,3,0.5,0
3640000,4280,2,1,1,1,0,0,0,1,2,0,1,0,15.107494239612924,850.4672897196261,3,0.5,1
3640000,3570,3,1,2,1,0,1,0,0,0,0,1,0,15.107494239612924,1019.6078431372549,4,0.3333333333333333,0
3640000,3180,3,1,2,0,0,1,0,0,0,0,1,0,15.107494239612924,1144.6540880503144,4,0.3333333333333333,0
3640000,3000,2,1,2,1,0,0,0,1,0,0,0,0,15.107494239612924,1213.3333333333333,3,0.5,0
3640000,3520,2,2,1,1,0,1,0,0,0,0,1,0,15.107494239612924,1034.090909090909,4,1.0,0
3640000,5960,3,1,2,1,1,1,0,0,0,0,0,1,15.107494239612924,610.738255033557,4,0.3333333333333333,0
3640000,4130,3,2,2,1,0,0,0,0,2,0,1,0,15.107494239612924,881.3559322033898,5,0.6666666666666666,1
3640000,2850,3,2,2,0,0,1,0,0,0,1,0,1,15.107494239612924,1277.1929824561403,5,0.6666666666666666,0
3640000,2275,3,1,3,1,0,0,1,1,0,1,1,0,15.107494239612924,1600.0,4,0.3333333333333333,0
3633000,3520,3,1,1,1,0,0,0,0,2,1,0,1,15.10556931120334,1032.1022727272727,4,0.3333333333333333,1
3605000,4500,2,1,1,1,0,0,0,0,0,0,1,0,15.097832328701186,801.1111111111111,3,0.5,0
3605000,4000,2,1,1,1,0,0,0,0,0,1,1,0,15.097832328701186,901.25,3,0.5,0
3570000,3150,3,1,2,1,0,1,0,0,0,0,0,0,15.088076153755821,1133.3333333333333,4,0.3333333333333333,0
3570000,4500,4,2,2,1,0,1,0,0,2,0,0,0,15.088076153755821,793.3333333333334,6,0.5,1
3570000,4500,2,1,1,0,0,0,0,0,0,0,0,0,15.088076153755821,793.3333333333334,3,0.5,0
3570000,3640,2,1,1,1,0,0,0,0,0,0,0,1,15.088076153755821,980.7692307692307,3,0.5,0
3535000,3850,3,1,1,1,0,0,0,0,2,0,0,1,15.07822385731281,918.1818181818181,4,0.3333333333333333,1
3500000,4240,3,1,2,1,0,0,0,1,0,0,1,0,15.068273526459642,825.4716981132076,4,0.3333333333333333,0
3500000,3650,3,1,2,1,0,0,0,0,0,0,0,1,15.068273526459642,958.9041095890411,4,0.3333333333333333,0
3500000,4600,4,1,2,1,0,0,0,0,0,0,1,0,15.068273526459642,760.8695652173913,5,0.25,0
3500000,2135,3,2,2,0,0,0,0,0,0,0,0,1,15.068273526459642,1639.344262295082,5,0.6666666666666666,0
3500000,3036,3,1,2,1,0,1,0,0,0,0,1,0,15.068273526459642,1152.832674571805,4,0.3333333333333333,0
3500000,3990,3,1,2,1,0,0,0,0,0,0,1,0,15.068273526459642,877.1929824561404,4,0.3333333333333333,0
3500000,7424,3,1,1,0,0,0,0,0,0,0,0,1,15.068273526459642,471.4439655172414,4,0.3333333333333333,0
3500000,3480,3,1,1,0,0,0,0,1,0,0,0,1,15.068273526459642,1005.7471264367816,4,0.3333333333333333,0
3500000,3600,6,1,2,1,0,0,0,0,1,0,0,1,15.068273526459642,972.2222222222222,7,0.16666666666666666,1
3500000,3640,2,1,1,1,0,0,0,0,1,0,1,0,15.068273526459642,961.5384615384615,3,0.5,1
3500000,5900,2,1,1,1,0,0,0,0,1,0,0,0,15.068273526459642,593.2203389830509,3,0.5,1
3500000,3120,3,1,2,1,0,0,0,0,1,0,0,1,15.068273526459642,1121.7948717948718,4,0.3333333333333333,1
3500000,7350,2,1,1,1,0,0,0,0,1,0,1,0,15.068273526459642,476.1904761904762,3,0.5,1
3500000,3512,2,1,1,1,0,0,0,0,1,1,0,1,15.068273526459642,996.5831435079726,3,0.5,1
3500000,9500,3,1,2,1,0,0,0,0,3,1,0,1,15.068273526459642,368.42105263157896,4,0.3333333333333333,1
3500000,5880,2,1,1,1,0,0,0,0,0,0,0,1,15.068273526459642,595.2380952380952,3,0.5,0
3500000,12944,3,1,1,1,0,0,0,0,0,0,0,1,15.068273526459642,270.39555006180467,4,0.3333333333333333,0
3493000,4900,3,1,2,0,0,0,0,0,0,0,0,1,15.066271523788968,712.8571428571429,4,0.3333333333333333,0
3465000,3060,3,1,1,1,0,0,0,0,0,0,0,1,15.05822319060614,1132.3529411764705,4,0.3333333333333333,0
3465000,5320,2,1,1,1,0,0,0,0,1,1,0,1,15.05822319060614,651.3157894736842,3,0.5,1
3465000,2145,3,1,3,1,0,0,0,0,0,1,0,0,15.05822319060614,1615.3846153846155,4,0.3333333333333333,0
3430000,4000,2,1,1,1,0,0,0,0,0,0,0,1,15.048070819142122,857.5,3,0.5,0
3430000,3185,2,1,1,1,0,0,0,0,2,0,0,1,15.048070819142122,1076.923076923077,3,0.5,1
3430000,3850,3,1,1,1,0,0,0,0,0,0,0,1,15.048070819142122,890.9090909090909,4,0.3333333333333333,0
3430000,2145,3,1,3,1,0,0,0,0,0,1,0,0,15.048070819142122,1599.067599067599,4,0.3333333333333333,0
3430000,2610,3,1,2,1,0,1,0,0,0,1,0,1,15.048070819142122,1314.176245210728,4,0.3333333333333333,0
3430000,1950,3,2,2,1,0,1,0,0,0,1,0,1,15.048070819142122,1758.974358974359,5,0.6666666666666666,0
3423000,4040,2,1,1,1,0,0,0,0,0,0,0,1,15.046027917512323,847.2772277227723,3,0.5,0
3395000,4785,3,1,2,1,1,1,0,1,1,0,0,0,15.037814318974933,709.5088819226751,4,0.3333333333333333,1
3395000,3450,3,1,1,1,0,1,0,0,2,0,0,1,15.037814318974933,984.0579710144928,4,0.3333333333333333,1
3395000,3640,2,1,1,1,0,0,0,0,0,0,0,0,15.037814318974933,932.6923076923077,3,0.5,0
3360000,3500,4,1,2,1,0,0,0,1,2,0,0,1,15.027451531939388,960.0,5,0.25,1
3360000,4960,4,1,3,0,0,0,0,0,0,0,1,0,15.027451531939388,677.4193548387096,5,0.25,0
3360000,4120,2,1,2,1,0,0,0,0,0,0,0,1,15.027451531939388,815.5339805825242,3,0.5,0
3360000,4750,2,1,1,1,0,0,0,0,0,0,0,1,15.027451531939388,707.3684210526316,3,0.5,0
3360000,3720,2,1,1,0,0,0,0,1,0,0,0,1,15.027451531939388,903.2258064516129,3,0.5,0
3360000,3750,3,1,1,1,0,0,0,0,0,0,0,1,15.027451531939388,896.0,4,0.3333333333333333,0
3360000,3100,3,1,2,0,0,1,0,0,0,0,1,0,15.027451531939388,1083.8709677419354,4,0.3333333333333333,0
3360000,3185,2,1,1,1,0,1,0,0,2,0,0,0,15.027451531939388,1054.9450549450548,3,0.5,1
3353000,2700,3,1,1,0,0,0,0,0,0,0,0,0,15.025366025448365,1241.851851851852,4,0.3333333333333333,0
3332000,2145,3,1,2,1,0,1,0,0,0,1,0,0,15.01908328226887,1553.3799533799533,4,0.3333333333333333,0
3325000,4040,2,1,1,1,0,0,0,0,1,0,0,1,15.016980232072092,823.019801980198,3,0.5,1
3325000,4775,4,1,2,1,0,0,0,0,0,0,0,1,15.016980232072092,696.3350785340314,5,0.25,0
3290000,2500,2,1,1,0,0,0,0,1,0,0,0,1,15.006398122741555,1316.0,3,0.5,0
3290000,3180,4,1,2,1,0,1,0,1,0,0,0,1,15.006398122741555,1034.5911949685535,5,0.25,0
3290000,6060,3,1,1,1,1,1,0,0,0,0,0,0,15.006398122741555,542.9042904290429,4,0.3333333333333333,0
3290000,3480,4,1,2,0,0,0,0,0,1,0,1,0,15.006398122741555,945.4022988505748,5,0.25,1
3290000,3792,4,1,2,1,0,0,0,0,0,0,1,0,15.006398122741555,867.6160337552743,5,0.25,0
3290000,4040,2,1,1,1,0,0,0,0,0,0,0,1,15.006398122741555,814.3564356435644,3,0.5,0
3290000,2145,3,1,2,1,0,1,0,0,0,1,0,0,15.006398122741555,1533.7995337995337,4,0.3333333333333333,0
3290000,5880,3,1,1,1,0,0,0,0,1,0,0,1,15.006398122741555,559.5238095238095,4,0.3333333333333333,1
3255000,4500,2,1,1,0,0,0,0,0,0,0,1,0,14.995702833624806,723.3333333333334,3,0.5,0
3255000,3930,2,1,1,0,0,0,0,0,0,0,0,1,14.995702833624806,828.2442748091603,3,0.5,0
3234000,3640,4,1,2,1,0,1,0,0,0,0,0,1,14.989230319119189,888.4615384615385,5,0.25,0
3220000,4370,3,1,2,1,0,0,0,0,0,0,0,1,14.98489191752059,736.8421052631579,4,0.3333333333333333,0
3220000,2684,2,1,1,1,0,0,0,1,1,0,0,1,14.98489191752059,1199.7019374068554,3,0.5,1
3220000,4320,3,1,1,0,0,0,0,0,1,0,0,1,14.98489191752059,745.3703703703703,4,0.3333333333333333,1
3220000,3120,3,1,2,0,0,0,0,0,0,0,0,0,14.98489191752059,1032.051282051282,4,0.3333333333333333,0
3150000,3450,1,1,1,1,0,0,0,0,0,0,0,0,14.962913010801817,913.0434782608696,2,1.0,0
3150000,3986,2,2,1,0,1,1,0,0,1,0,0,1,14.962913010801817,790.2659307576517,4,1.0,1
3150000,3500,2,1,1,0,0,1,0,0,0,0,1,0,14.962913010801817,900.0,3,0.5,0
3150000,4095,2,1,1,1,0,0,0,0,2,0,1,0,14.962913010801817,769.2307692307693,3,0.5,1
3150000,1650,3,1,2,0,0,1,0,0,0,0,0,1,14.962913010801817,1909.090909090909,4,0.3333333333333333,0
3150000,3450,3,1,2,1,0,1,0,0,0,0,1,0,14.962913010801817,913.0434782608696,4,0.3333333333333333,0
3150000,6750,2,1,1,1,0,0,0,0,0,0,1,0,14.962913010801817,466.6666666666667,3,0.5,0
3150000,9000,3,1,2,1,0,0,0,0,2,0,1,0,14.962913010801817,350.0,4,0.3333333333333333,1
3150000,3069,2,1,1,1,0,0,0,0,1,0,0,1,14.962913010801817,1026.392961876833,3,0.5,1
3143000,4500,3,1,2,1,0,0,0,1,0,0,0,1,14.960688315779704,698.4444444444445,4,0.3333333333333333,0
3129000,5495,3,1,1,1,0,1,0,0,0,0,0,1,14.95622402265102,569.4267515923567,4,0.3333333333333333,0
3118850,2398,3,1,1,1,0,0,0,0,0,1,1,0,14.952974902096178,1300.604670558799,4,0.3333333333333333,0
3115000,3000,3,1,1,0,0,0,0,1,0,0,0,1,14.951739710203691,1038.3333333333333,4,0.3333333333333333,0
3115000,3850,3,1,2,1,0,0,0,0,0,0,0,1,14.951739710203691,809.0909090909091,4,0.3333333333333333,0
3115000,3500,2,1,1,1,0,0,0,0,0,0,0,1,14.951739710203691,890.0,3,0.5,0
3087000,8100,2,1,1,1,0,0,0,0,1,0,0,1,14.942710303484297,381.1111111111111,3,0.5,1
3080000,4960,2,1,1,1,0,1,0,1,0,0,0,1,14.940440154949757,620.9677419354839,3,0.5,0
3080000,2160,3,1,2,0,0,1,0,0,0,0,1,0,14.940440154949757,1425.9259259259259,4,0.3333333333333333,0
3080000,3090,2,1,1,1,1,1,0,0,0,0,0,1,14.940440154949757,996.7637540453075,3,0.5,0
3080000,4500,2,1,2,1,0,0,1,0,1,0,1,0,14.940440154949757,684.4444444444445,3,0.5,1
3045000,3800,2,1,1,1,0,0,0,0,0,0,0,1,14.929011459126134,801.3157894736842,3,0.5,0
3010000,3090,3,1,2,0,0,0,0,0,0,0,1,0,14.917450636725059,974.1100323624595,4,0.3333333333333333,0
3010000,3240,3,1,2,1,0,0,0,0,2,0,1,0,14.917450636725059,929.0123456790124,4,0.3333333333333333,1
3010000,2835,2,1,1,1,0,0,0,0,0,0,1,0,14.917450636725059,1061.7283950617284,3,0.5,0
3010000,4600,2,1,1,1,0,0,0,0,0,0,0,0,14.917450636725059,654.3478260869565,3,0.5,0
3010000,5076,3,1,1,0,0,0,0,0,0,0,0,1,14.917450636725059,592.9866036249015,4,0.3333333333333333,0
3010000,3750,3,1,2,1,0,0,0,0,0,0,0,1,14.917450636725059,802.6666666666666,4,0.3333333333333333,0
3010000,3630,4,1,2,1,0,0,0,0,3,0,1,0,14.917450636725059,829.2011019283747,5,0.25,1
3003000,8050,2,1,1,1,0,0,0,0,0,0,0,1,14.915122346965468,373.04347826086956,3,0.5,0
2975000,4352,4,1,2,0,0,0,0,0,1,0,0,1,14.905754596961867,683.59375,5,0.25,1
2961000,3000,2,1,2,1,0,0,0,0,0,0,1,0,14.901037607083728,987.0,3,0.5,0
2940000,5850,3,1,2,1,0,1,0,0,1,0,0,1,14.893920139314865,502.56410256410254,4,0.3333333333333333,1
2940000,4960,2,1,1,1,0,0,0,0,0,0,0,1,14.893920139314865,592.741935483871,3,0.5,0
2940000,3600,3,1,2,0,0,0,0,0,1,0,0,1,14.893920139314865,816.6666666666666,4,0.3333333333333333,1
2940000,3660,4,1,2,0,0,0,0,0,0,0,0,1,14.893920139314865,803.2786885245902,5,0.25,0
2940000,3480,3,1,2,0,0,0,0,0,1,0,1,0,14.893920139314865,844.8275862068965,4,0.3333333333333333,1
2940000,2700,2,1,1,0,0,0,0,0,0,0,0,0,14.893920139314865,1088.888888888889,3,0.5,0
2940000,3150,3,1,2,0,0,0,0,0,0,0,0,1,14.893920139314865,933.3333333333334,4,0.3333333333333333,0
2940000,6615,3,1,2,1,0,0,0,0,0,0,1,0,14.893920139314865,444.44444444444446,4,0.3333333333333333,0
2870000,3040,2,1,1,0,0,0,0,0,0,0,0,1,14.869822587735804,944.078947368421,3,0.5,0
2870000,3630,2,1,1,1,0,0,0,0,0,0,0,1,14.869822587735804,790.633608815427,3,0.5,0
2870000,6000,2,1,1,1,0,0,0,0,0,0,1,0,14.869822587735804,478.3333333333333,3,0.5,0
2870000,5400,4,1,2,1,0,0,0,0,0,0,0,1,14.869822587735804,531.4814814814815,5,0.25,0
2852500,5200,4,1,3,1,0,0,0,0,0,0,0,1,14.863706360718368,548.5576923076923,5,0.25,0
2835000,3300,3,1,2,0,0,0,0,0,1,0,1,0,14.85755249514399,859.0909090909091,4,0.3333333333333333,1
2835000,4350,3,1,2,0,0,0,1,0,1,0,0,1,14.85755249514399,651.7241379310345,4,0.3333333333333333,1
2835000,2640,2,1,1,0,0,0,0,0,1,0,0,0,14.85755249514399,1073.8636363636363,3,0.5,1
2800000,2650,3,1,2,1,0,1,0,0,1,0,0,1,14.845129975145433,1056.6037735849056,4,0.3333333333333333,1
2800000,3960,3,1,1,1,0,0,0,0,0,0,0,0,14.845129975145433,707.070707070707,4,0.3333333333333333,0
2730000,6800,2,1,1,1,0,0,0,0,0,0,0,1,14.819812167161142,401.47058823529414,3,0.5,0
2730000,4000,3,1,2,1,0,0,0,0,1,0,0,1,14.819812167161142,682.5,4,0.3333333333333333,1
2695000,4000,2,1,1,1,0,0,0,0,0,0,0,1,14.806908762325234,673.75,3,0.5,0
2660000,3934,2,1,1,1,0,0,0,0,0,0,0,1,14.793836680757881,676.1565836298932,3,0.5,0
2660000,2000,2,1,2,1,0,0,0,0,0,0,1,0,14.793836680757881,1330.0,3,0.5,0
2660000,3630,3,3,2,0,1,0,0,0,0,0,0,1,14.793836680757881,732.7823691460055,6,1.0,0
2660000,2800,3,1,1,1,0,0,0,0,0,0,0,1,14.793836680757881,950.0,4,0.3333333333333333,0
2660000,2430,3,1,1,0,0,0,0,0,0,0,0,1,14.793836680757881,1094.6502057613168,4,0.3333333333333333,0
2660000,3480,2,1,1,1,0,0,0,0,1,0,1,0,14.793836680757881,764.3678160919541,3,0.5,1
2660000,4000,3,1,1,1,0,0,0,0,0,0,1,0,14.793836680757881,665.0,4,0.3333333333333333,0
2653000,3185,2,1,1,1,0,0,0,1,0,0,0,1,14.791201633119877,832.967032967033,3,0.5,0
2653000,4000,3,1,2,1,0,0,0,1,0,0,0,1,14.791201633119877,663.25,4,0.3333333333333333,0
2604000,2910,2,1,1,0,0,0,0,0,0,0,0,1,14.772559282310597,894.8453608247422,3,0.5,0
2590000,3600,2,1,1,1,0,0,0,0,0,0,0,1,14.767168433675721,719.4444444444445,3,0.5,0
2590000,4400,2,1,1,1,0,0,0,0,0,0,0,1,14.767168433675721,588.6363636363636,3,0.5,0
2590000,3600,2,2,2,1,0,1,0,0,1,0,0,0,14.767168433675721,719.4444444444445,4,1.0,1
2520000,2880,3,1,1,0,0,0,0,0,0,0,0,1,14.739769459487606,875.0,4,0.3333333333333333,0
2520000,3180,3,1,1,0,0,0,0,0,0,0,0,1,14.739769459487606,792.4528301886793,4,0.3333333333333333,0
2520000,3000,2,1,2,1,0,0,0,0,0,0,0,0,14.739769459487606,840.0,3,0.5,0
2485000,4400,3,1,2,1,0,0,0,0,0,0,0,1,14.725783217512866,564.7727272727273,4,0.3333333333333333,0
2485000,3000,3,1,2,0,0,0,0,0,0,0,1,0,14.725783217512866,828.3333333333334,4,0.3333333333333333,0
2450000,3210,3,1,2,1,0,1,0,0,0,0,0,1,14.71159858252091,763.2398753894081,4,0.3333333333333333,0
2450000,3240,2,1,1,0,1,0,0,0,1,0,0,1,14.71159858252091,756.1728395061729,3,0.5,1
2450000,3000,2,1,1,1,0,0,0,0,1,0,0,1,14.71159858252091,816.6666666666666,3,0.5,1
2450000,3500,2,1,1,1,1,0,0,0,0,0,0,1,14.71159858252091,700.0,3,0.5,0
2450000,4840,2,1,2,1,0,0,0,0,0,0,0,1,14.71159858252091,506.198347107438,3,0.5,0
2450000,7700,2,1,1,1,0,0,0,0,0,0,0,1,14.71159858252091,318.1818181818182,3,0.5,0
2408000,3635,2,1,1,0,0,0,0,0,0,0,0,1,14.694307085410848,662.4484181568088,3,0.5,0
2380000,2475,3,1,2,1,0,0,0,0,0,0,0,0,14.682611045647658,961.6161616161617,4,0.3333333333333333,0
2380000,2787,4,2,2,1,0,0,0,0,0,0,0,0,14.682611045647658,853.9648367420165,6,0.5,0
2380000,3264,2,1,1,1,0,0,0,0,0,0,0,1,14.682611045647658,729.1666666666666,3,0.5,0
2345000,3640,2,1,1,1,0,0,0,0,0,0,0,1,14.667795959862516,644.2307692307693,3,0.5,0
2310000,3180,2,1,1,1,0,0,0,0,0,0,0,1,14.652758082497977,726.4150943396227,3,0.5,0
2275000,1836,2,1,1,0,0,1,0,0,0,0,1,0,14.637490610367188,1239.1067538126363,3,0.5,0
2275000,3970,1,1,1,0,0,0,0,0,0,0,0,1,14.637490610367188,573.0478589420655,2,1.0,0
2275000,3970,3,1,2,1,0,1,0,0,0,0,0,1,14.637490610367188,573.0478589420655,4,0.3333333333333333,0
2240000,1950,3,1,1,0,0,0,1,0,0,0,0,1,14.621986423831222,1148.7179487179487,4,0.3333333333333333,0
2233000,5300,3,1,1,0,0,0,0,1,0,1,0,1,14.618856530822296,421.3207547169811,4,0.3333333333333333,0
2135000,3000,2,1,1,0,0,0,0,0,0,0,0,1,14.573977204644862,711.6666666666666,3,0.5,0
2100000,2400,3,1,2,1,0,0,0,0,0,0,0,1,14.557447902693651,875.0,4,0.3333333333333333,0
2100000,3000,4,1,2,1,0,0,0,0,0,0,0,1,14.557447902693651,700.0,5,0.25,0
2100000,3360,2,1,1,1,0,0,0,0,1,0,0,1,14.557447902693651,625.0,3,0.5,1
1960000,3420,5,1,2,0,0,0,0,0,0,0,0,1,14.4884550312067,573.0994152046784,6,0.2,0
1890000,1700,3,1,2,1,0,0,0,0,0,0,0,1,14.452087387035824,1111.764705882353,4,0.3333333333333333,0
1890000,3649,2,1,1,1,0,0,0,0,0,0,0,1,14.452087387035824,517.9501233214579,3,0.5,0
1855000,2990,2,1,1,0,0,0,0,0,1,0,0,1,14.433395254023672,620.4013377926422,3,0.5,1
1820000,3000,2,1,1,1,0,1,0,0,2,0,0,1,14.414347059052979,606.6666666666666,3,0.5,1
1767150,2400,3,1,1,0,0,0,0,0,0,0,1,0,14.384878637342375,736.3125,4,0.3333333333333333,0
1750000,3620,2,1,1,1,0,0,0,0,0,0,0,1,14.375126345899696,483.42541436464086,3,0.5,0
1750000,2910,3,1,1,0,0,0,0,0,0,0,0,0,14.375126345899696,601.3745704467354,4,0.3333333333333333,0
1750000,3850,3,1,2,1,0,0,0,0,0,0,0,1,14.375126345899696,454.54545454545456,4,0.3333333333333333,0
